categorie,groupe,code,organisme,famille,mode_action,matieres_actives,risque,estime
"Fongicides","A. Synthèse des acides nucléiques","FRAC 4 (A1)","FRAC","Phénylamides (PA) : acylalanines, oxazolidinones, butyrolactones","Inhibition de l'ARN polymérase I (synthèse ARNr)","Métalaxyl-M (méfénoxam), bénalaxyl-M, oxadixyl, furalaxyl","Élevé","non"
"Fongicides","A. Synthèse des acides nucléiques","FRAC 8 (A2)","FRAC","Hydroxy-(2-amino-)pyrimidines","Inhibition de l'adénosine désaminase","Bupirimate, éthirimol, diméthirimol","Modéré","non"
"Fongicides","A. Synthèse des acides nucléiques","FRAC 32 (A3)","FRAC","Isoxazoles / isothiazolones","Inhibition de la synthèse de l'ADN et de l'ARN","Hyméxazol, octhilinone","Faible à modéré","oui"
"Fongicides","A. Synthèse des acides nucléiques","FRAC 31 (A4)","FRAC","Acides carboxyliques (quinolones)","Inhibition de l'ADN topoisomérase II (gyrase)","Acide oxolinique","Élevé","non"
"Fongicides","B. Mitose et division cellulaire","FRAC 1 (B1)","FRAC","Benzimidazoles (MBC) et thiophanates","Inhibition de l'assemblage de la bêta-tubuline","Carbendazime, bénomyl, thiophanate-méthyl, thiabendazole","Très élevé","non"
"Fongicides","B. Mitose et division cellulaire","FRAC 10 (B2)","FRAC","N-phényl carbamates","Assemblage de la bêta-tubuline, site distinct des MBC","Diéthofencarbe","Élevé","non"
"Fongicides","B. Mitose et division cellulaire","FRAC 22 (B3)","FRAC","Benzamides et thiazole-carboxamides","Inhibition de l'assemblage de la bêta-tubuline","Zoxamide, éthaboxame","Faible à modéré","non"
"Fongicides","B. Mitose et division cellulaire","FRAC 20 (B4)","FRAC","Phénylurées","Perturbation de la division cellulaire (site inconnu)","Pencycuron","Faible","non"
"Fongicides","B. Mitose et division cellulaire","FRAC 43 (B5)","FRAC","Benzamides (pyridinylméthyl-benzamides)","Délocalisation de la protéine de type spectrine","Fluopicolide","Modéré","non"
"Fongicides","B. Mitose et division cellulaire","FRAC 47 (B6)","FRAC","Aryl-phényl-cétones","Perturbation de la division cellulaire et du cytosquelette","Métrafénone, pyriofénone","Modéré","non"
"Fongicides","C. Respiration mitochondriale","FRAC 39 (C1)","FRAC","Pyrimidinamines, pyrazole-MET1","Inhibition du complexe I (NADH oxydoréductase)","Diflumétorim, tolfenpyrad","Modéré","oui"
"Fongicides","C. Respiration mitochondriale","FRAC 7 (C2)","FRAC","SDHI : carboxamides, pyrazole-carboxamides, pyridinyl-éthyl-benzamides","Inhibition de la succinate déshydrogénase (complexe II)","Boscalid, fluopyram, fluxapyroxad, penthiopyrad, bixafen, benzovindiflupyr, isopyrazam, sédaxane, pydiflumétofen, carboxine","Modéré à élevé","non"
"Fongicides","C. Respiration mitochondriale","FRAC 11 (C3)","FRAC","QoI : strobilurines, oximino-acétates, imidazolinones, oxazolidinediones","Inhibition du complexe III au site Qo (cytochrome bc1)","Azoxystrobine, trifloxystrobine, pyraclostrobine, krésoxim-méthyl, picoxystrobine, fluoxastrobine, fénamidone, famoxadone","Très élevé","non"
"Fongicides","C. Respiration mitochondriale","FRAC 21 (C4)","FRAC","QiI : cyano-imidazoles, sulfamoyl-triazoles","Inhibition du complexe III au site Qi","Cyazofamide, amisulbrom","Modéré à élevé","non"
"Fongicides","C. Respiration mitochondriale","FRAC 29 (C5)","FRAC","Dinitrophényl crotonates, 2,6-dinitroanilines, pyridinamines","Découplage de la phosphorylation oxydative","Fluazinam, dinocap, meptyldinocap, binapacryl","Faible","non"
"Fongicides","C. Respiration mitochondriale","FRAC 30 (C6)","FRAC","Composés organostanniques (organo-étains)","Inhibition de l'ATP synthase","Acétate de fentine, hydroxyde de fentine","Modéré","non"
"Fongicides","C. Respiration mitochondriale","FRAC 38 (C7)","FRAC","Thiophène-carboxamides","Inhibition de la production d'ATP (site indéterminé)","Silthiofam","Faible","non"
"Fongicides","C. Respiration mitochondriale","FRAC 45 (C8)","FRAC","QoSI : triazolo-pyrimidylamines","Complexe III, site Qo, sous-site de la stigmatelline","Amétoctradine","Modéré","non"
"Fongicides","D. Synthèse des acides aminés et des protéines","FRAC 9 (D1)","FRAC","Anilinopyrimidines (AP)","Inhibition de la biosynthèse de la méthionine et des protéases","Cyprodinil, pyriméthanil, mépanipyrim","Modéré","non"
"Fongicides","D. Synthèse des acides aminés et des protéines","FRAC 24 (D3)","FRAC","Antibiotiques hexopyranosyl","Inhibition de la synthèse protéique (élongation)","Kasugamycine","Modéré","non"
"Fongicides","D. Synthèse des acides aminés et des protéines","FRAC 25 (D4)","FRAC","Antibiotiques glucopyranosyl (aminoglycosides)","Inhibition de la synthèse protéique (initiation)","Streptomycine","Modéré à élevé","non"
"Fongicides","D. Synthèse des acides aminés et des protéines","FRAC 41 (D5)","FRAC","Antibiotiques tétracyclines","Inhibition de la synthèse protéique (ribosome 30S)","Oxytétracycline","Modéré","oui"
"Fongicides","E. Transduction du signal","FRAC 13 (E1)","FRAC","Aza-naphtalènes : quinolines, quinazolinones","Transduction du signal via protéine G (site précis inconnu)","Quinoxyfen, proquinazid","Modéré à élevé","non"
"Fongicides","E. Transduction du signal","FRAC 12 (E2)","FRAC","Phénylpyrroles (PP)","MAP / histidine kinase de la transduction osmotique (os-2)","Fludioxonil, fenpiclonil","Faible à modéré","non"
"Fongicides","E. Transduction du signal","FRAC 2 (E3)","FRAC","Dicarboximides","MAP / histidine kinase de la transduction osmotique (os-1)","Iprodione, procymidone, vinclozoline","Modéré à élevé","non"
"Fongicides","F. Synthèse des lipides et intégrité membranaire","FRAC 6 (F2)","FRAC","Phosphorothiolates, dithiolanes","Inhibition de la biosynthèse des phospholipides et des méthyltransférases","Isoprothiolane, édifenphos, iprobenfos","Modéré","oui"
"Fongicides","F. Synthèse des lipides et intégrité membranaire","FRAC 14 (F3)","FRAC","Hydrocarbures aromatiques et hétéroaromatiques (chlorophényls, nitroanilines)","Peroxydation lipidique probable, perturbation membranaire","Tolclofos-méthyl, quintozène, dicloran, étridiazole","Faible à modéré","non"
"Fongicides","F. Synthèse des lipides et intégrité membranaire","FRAC 28 (F4)","FRAC","Carbamates","Perméabilité membranaire et biosynthèse des acides gras","Propamocarbe, prothiocarbe, iodocarbe","Faible à modéré","non"
"Fongicides","F. Synthèse des lipides et intégrité membranaire","FRAC 49 (F9)","FRAC","OSBPI : pipéridinyl-thiazole-isoxazolines","Inhibition de la protéine homologue de liaison aux oxystérols","Oxathiapiproline, fluoxapiproline","Élevé","non"
"Fongicides","G. Biosynthèse des stérols membranaires (SBI)","FRAC 3 (G1)","FRAC","DMI, SBI classe I : triazoles, imidazoles, pyrimidines, pipérazines, triazolinthiones","Inhibition de la C14-déméthylase (CYP51) de la voie des stérols","Tébuconazole, difénoconazole, propiconazole, époxiconazole, myclobutanil, penconazole, cyproconazole, metconazole, prothioconazole, prochloraze, imazalil, triflumizole, fénarimol","Modéré","non"
"Fongicides","G. Biosynthèse des stérols membranaires (SBI)","FRAC 5 (G2)","FRAC","Amines, SBI classe II : morpholines, pipéridines, spirocétal-amines","Inhibition de la delta14-réductase et de la delta8-delta7 isomérase","Fenpropimorphe, fenpropidine, spiroxamine, tridémorphe, dodémorphe","Faible à modéré","non"
"Fongicides","G. Biosynthèse des stérols membranaires (SBI)","FRAC 17 (G3)","FRAC","KRI, SBI classe III : hydroxyanilides, amino-pyrazolinones","Inhibition de la 3-céto réductase (C4-déméthylation)","Fenhexamid, fenpyrazamine","Modéré","non"
"Fongicides","G. Biosynthèse des stérols membranaires (SBI)","FRAC 18 (G4)","FRAC","SBI classe IV : thiocarbamates, allylamines","Inhibition de la squalène époxydase","Pyributicarbe, naftifine, terbinafine","Faible","oui"
"Fongicides","H. Synthèse de la paroi cellulaire","FRAC 19 (H3)","FRAC","Nucléosides peptidyl-pyrimidiniques (polyoxines)","Inhibition de la chitine synthase","Polyoxine B, polyoxine D","Modéré","non"
"Fongicides","H. Synthèse de la paroi cellulaire","FRAC 40 (H5)","FRAC","CAA : amides d'acides carboxyliques (cinnamamides, valinamides, mandélamides)","Inhibition de la cellulose synthase (CesA3)","Diméthomorphe, mandipropamide, benthiavalicarbe, iprovalicarbe, valifénalate, pyrimorphe","Faible à modéré","non"
"Fongicides","I. Synthèse de la mélanine pariétale (MBI)","FRAC 16.1 (I1)","FRAC","MBI-R : isobenzofuranones, pyrroloquinolinones, triazolobenzothiazoles","Inhibition de la réductase de la voie de la mélanine","Tricyclazole, pyroquilon, phtalide","Modéré","oui"
"Fongicides","I. Synthèse de la mélanine pariétale (MBI)","FRAC 16.2 (I2)","FRAC","MBI-D : cyclopropane-carboxamides, carboxamides, propionamides","Inhibition de la scytalone déshydratase","Carpropamid, diclocymet, fénoxanil","Élevé","non"
"Fongicides","I. Synthèse de la mélanine pariétale (MBI)","FRAC 16.3 (I3)","FRAC","MBI-P : carbamates","Inhibition de la polykétide synthase","Tolprocarbe","Faible","oui"
"Fongicides","P. Induction des défenses de la plante (SDN / SAR)","FRAC P01","FRAC","Benzothiadiazoles (BTH)","Induction de la résistance systémique acquise (voie SAR)","Acibenzolar-S-méthyl (ASM)","Très faible","non"
"Fongicides","P. Induction des défenses de la plante (SDN / SAR)","FRAC P02","FRAC","Benzisothiazoles","Induction des défenses de l'hôte","Probénazole","Très faible","oui"
"Fongicides","P. Induction des défenses de la plante (SDN / SAR)","FRAC P03","FRAC","Thiadiazole-carboxamides","Induction des défenses de l'hôte","Tiadinil, isotianil","Très faible","oui"
"Fongicides","P. Induction des défenses de la plante (SDN / SAR)","FRAC P07","FRAC","Phosphonates","Action directe partielle et stimulation des défenses","Fosétyl-Al, acide phosphoreux et sels de phosphonate","Faible","non"
"Fongicides","P. Induction des défenses de la plante (SDN / SAR)","FRAC P04","FRAC","Extraits végétaux et polysaccharides","Élicitation des défenses (voies JA et SA)","Laminarine, extrait de Reynoutria sachalinensis, chitosane","Très faible","non"
"Fongicides","M. Fongicides multi-sites de contact","FRAC M01","FRAC","Composés inorganiques cupriques","Multi-sites : dénaturation des protéines à groupements thiol","Hydroxyde de cuivre, oxychlorure de cuivre, sulfate (bouillie bordelaise), oxyde cuivreux","Très faible","non"
"Fongicides","M. Fongicides multi-sites de contact","FRAC M02","FRAC","Composés inorganiques soufrés","Multi-sites : perturbation de la respiration","Soufre mouillable, soufre micronisé, polysulfure de calcium","Très faible","non"
"Fongicides","M. Fongicides multi-sites de contact","FRAC M03","FRAC","Dithiocarbamates et dérivés","Multi-sites : inactivation des enzymes à groupements thiol","Mancozèbe, manèbe, thirame, métirame, propinèbe, zirame, ferbame","Très faible","non"
"Fongicides","M. Fongicides multi-sites de contact","FRAC M04","FRAC","Phtalimides","Multi-sites : réaction avec les thiols et les coenzymes","Captane, folpel, captafol","Très faible","non"
"Fongicides","M. Fongicides multi-sites de contact","FRAC M05","FRAC","Chloronitriles (phtalonitriles)","Multi-sites : conjugaison au glutathion","Chlorothalonil","Faible","non"
"Fongicides","M. Fongicides multi-sites de contact","FRAC M06","FRAC","Sulfamides","Multi-sites","Dichlofluanide, tolylfluanide","Très faible","non"
"Fongicides","M. Fongicides multi-sites de contact","FRAC M07","FRAC","Guanidines","Multi-sites : perturbation membranaire","Dodine, guazatine, iminoctadine","Faible à modéré","non"
"Fongicides","M. Fongicides multi-sites de contact","FRAC M09","FRAC","Quinones (anthraquinones)","Multi-sites","Dithianon","Très faible","non"
"Fongicides","M. Fongicides multi-sites de contact","FRAC M10","FRAC","Quinoxalines","Multi-sites","Chinométhionate","Faible","oui"
"Fongicides","M. Fongicides multi-sites de contact","FRAC M11","FRAC","Maléimides","Multi-sites","Fluoroimide","Très faible","oui"
"Fongicides","U et BM. Mode d'action inconnu et biocontrôle","FRAC 27","FRAC","Cyanoacétamide-oximes","Mode d'action multi-site probable, non élucidé","Cymoxanil","Faible à modéré","non"
"Fongicides","U et BM. Mode d'action inconnu et biocontrôle","FRAC 44 (BM02)","FRAC","Agents microbiens bactériens","Perturbation membranaire, compétition, induction de défenses","Bacillus subtilis, Bacillus amyloliquefaciens, Bacillus velezensis","Très faible","non"
"Fongicides","U et BM. Mode d'action inconnu et biocontrôle","FRAC BM01","FRAC","Agents microbiens fongiques","Mycoparasitisme, compétition, antibiose","Trichoderma harzianum, Trichoderma asperellum, Ampelomyces quisqualis, Coniothyrium minitans","Très faible","non"
"Fongicides","U et BM. Mode d'action inconnu et biocontrôle","FRAC 46 (BM03)","FRAC","Extraits de plantes (terpènes)","Perturbation membranaire","Mélange terpénique (eugénol, géraniol, thymol), huile essentielle d'orange","Très faible","non"
"Fongicides","U et BM. Mode d'action inconnu et biocontrôle","FRAC NC","FRAC","Bicarbonates et sels minéraux","Modification du pH et de la pression osmotique en surface","Bicarbonate de potassium, bicarbonate de sodium","Très faible","non"
"Insecticides & acaricides","Cible : système nerveux et musculaire","IRAC 1A","IRAC","Carbamates","Inhibition de l'acétylcholinestérase (AChE)","Méthomyl, pyrimicarbe, oxamyl, carbaryl, méthiocarbe, formétanate, carbosulfan","Élevé","non"
"Insecticides & acaricides","Cible : système nerveux et musculaire","IRAC 1B","IRAC","Organophosphorés","Inhibition de l'acétylcholinestérase (AChE)","Chlorpyriphos, malathion, diméthoate, acéphate, phosmet, pirimiphos-méthyl, profénofos, diazinon","Élevé","non"
"Insecticides & acaricides","Cible : système nerveux et musculaire","IRAC 2A","IRAC","Organochlorés cyclodiènes","Antagoniste du canal chlorure GABA-dépendant","Endosulfan, chlordane, lindane","Élevé","non"
"Insecticides & acaricides","Cible : système nerveux et musculaire","IRAC 2B","IRAC","Phénylpyrazoles (fiproles)","Antagoniste du canal chlorure GABA-dépendant","Fipronil, éthiprole","Élevé","non"
"Insecticides & acaricides","Cible : système nerveux et musculaire","IRAC 3A","IRAC","Pyréthrinoïdes et pyréthrines","Modulation du canal sodium voltage-dépendant","Deltaméthrine, lambda-cyhalothrine, bifenthrine, cyperméthrine, alpha-cyperméthrine, acrinathrine, tau-fluvalinate, esfenvalérate, pyréthrines naturelles","Très élevé","non"
"Insecticides & acaricides","Cible : système nerveux et musculaire","IRAC 3B","IRAC","DDT et analogues","Modulation du canal sodium voltage-dépendant","DDT, méthoxychlore","Très élevé","non"
"Insecticides & acaricides","Cible : système nerveux et musculaire","IRAC 4A","IRAC","Néonicotinoïdes","Modulateur allostérique compétitif du récepteur nicotinique (nAChR)","Imidaclopride, thiaméthoxame, acétamipride, thiaclopride, clothianidine, dinotéfurane","Élevé","non"
"Insecticides & acaricides","Cible : système nerveux et musculaire","IRAC 4C","IRAC","Sulfoximines","Modulateur allostérique compétitif du nAChR","Sulfoxaflor","Modéré à élevé","non"
"Insecticides & acaricides","Cible : système nerveux et musculaire","IRAC 4D","IRAC","Buténolides","Modulateur allostérique compétitif du nAChR","Flupyradifurone","Modéré","oui"
"Insecticides & acaricides","Cible : système nerveux et musculaire","IRAC 4E","IRAC","Mésoioniques","Modulateur allostérique compétitif du nAChR","Triflumézopyrim, dicloromézotiaz","Faible à modéré","oui"
"Insecticides & acaricides","Cible : système nerveux et musculaire","IRAC 5","IRAC","Spinosynes","Modulateur allostérique du nAChR, site allostérique I","Spinosad, spinétorame","Modéré à élevé","non"
"Insecticides & acaricides","Cible : système nerveux et musculaire","IRAC 6","IRAC","Avermectines et milbémycines","Activation allostérique du canal chlorure glutamate-dépendant (GluCl)","Abamectine, émamectine-benzoate, milbémectine, lépimectine","Modéré à élevé","non"
"Insecticides & acaricides","Cible : système nerveux et musculaire","IRAC 14","IRAC","Analogues de la néréistoxine","Blocage du canal du récepteur nicotinique","Cartap, bensultap, thiocyclam","Modéré","oui"
"Insecticides & acaricides","Cible : système nerveux et musculaire","IRAC 19","IRAC","Formamidines","Agoniste des récepteurs à l'octopamine","Amitraze","Modéré","non"
"Insecticides & acaricides","Cible : système nerveux et musculaire","IRAC 22A","IRAC","Oxadiazines","Bloqueur du canal sodium voltage-dépendant","Indoxacarbe","Modéré","non"
"Insecticides & acaricides","Cible : système nerveux et musculaire","IRAC 22B","IRAC","Semicarbazones","Bloqueur du canal sodium voltage-dépendant","Métaflumizone","Modéré","oui"
"Insecticides & acaricides","Cible : système nerveux et musculaire","IRAC 28","IRAC","Diamides anthraniliques et phtaliques","Modulateur du récepteur à la ryanodine (libération du calcium)","Chlorantraniliprole, cyantraniliprole, flubendiamide, tétraniliprole, cyclaniliprole","Élevé","non"
"Insecticides & acaricides","Cible : système nerveux et musculaire","IRAC 30","IRAC","Méta-diamides et isoxazolines","Modulateur allostérique du canal chlorure GABA-dépendant","Broflanilide, fluxamétamide, isocycloséram","Faible à modéré","oui"
"Insecticides & acaricides","Cible : système nerveux et musculaire","IRAC 32","IRAC","Peptides d'araignée","Modulateur allostérique du nAChR (site du canal)","Peptide GS-oméga/kappa HXTX-Hv1a","Faible","oui"
"Insecticides & acaricides","Cible : croissance, mue et développement","IRAC 7A","IRAC","Analogues de l'hormone juvénile","Mimétique de l'hormone juvénile","Hydroprène, kinoprène, méthoprène","Faible à modéré","oui"
"Insecticides & acaricides","Cible : croissance, mue et développement","IRAC 7B","IRAC","Carbamates régulateurs (fénoxycarbe)","Mimétique de l'hormone juvénile","Fénoxycarbe","Modéré","non"
"Insecticides & acaricides","Cible : croissance, mue et développement","IRAC 7C","IRAC","Éthers de pyridyloxypropyl","Mimétique de l'hormone juvénile","Pyriproxyfène","Modéré","non"
"Insecticides & acaricides","Cible : croissance, mue et développement","IRAC 10A","IRAC","Clofentézine, hexythiazox, diflovidazine","Inhibiteur de croissance des acariens (embryogenèse et mue)","Clofentézine, hexythiazox, diflovidazine","Modéré à élevé","non"
"Insecticides & acaricides","Cible : croissance, mue et développement","IRAC 10B","IRAC","Diphényl-oxazolines","Inhibiteur de croissance des acariens (chitine synthase 1)","Étoxazole","Modéré à élevé","non"
"Insecticides & acaricides","Cible : croissance, mue et développement","IRAC 15","IRAC","Benzoylurées","Inhibition de la biosynthèse de la chitine, type 0","Diflubenzuron, lufénuron, téflubenzuron, triflumuron, novaluron, flufénoxuron, hexaflumuron","Modéré à élevé","non"
"Insecticides & acaricides","Cible : croissance, mue et développement","IRAC 16","IRAC","Thiadiazines (buprofézine)","Inhibition de la biosynthèse de la chitine, type 1","Buprofézine","Modéré","non"
"Insecticides & acaricides","Cible : croissance, mue et développement","IRAC 17","IRAC","Triazines (cyromazine)","Perturbateur de la mue chez les Diptères","Cyromazine","Faible à modéré","oui"
"Insecticides & acaricides","Cible : croissance, mue et développement","IRAC 18","IRAC","Diacylhydrazines","Agoniste du récepteur de l'ecdysone (mue précoce et létale)","Tébufénozide, méthoxyfénozide, chromafénozide, halofénozide","Modéré","non"
"Insecticides & acaricides","Cible : respiration mitochondriale et production d'énergie","IRAC 12A","IRAC","Thiourées (diafenthiuron)","Inhibiteur de l'ATP synthase mitochondriale","Diafenthiuron","Modéré","oui"
"Insecticides & acaricides","Cible : respiration mitochondriale et production d'énergie","IRAC 12B","IRAC","Composés organostanniques","Inhibiteur de l'ATP synthase mitochondriale","Azocyclotin, cyhexatin, oxyde de fenbutatine","Modéré","non"
"Insecticides & acaricides","Cible : respiration mitochondriale et production d'énergie","IRAC 12C","IRAC","Esters de sulfite (propargite)","Inhibiteur de l'ATP synthase mitochondriale","Propargite","Faible à modéré","non"
"Insecticides & acaricides","Cible : respiration mitochondriale et production d'énergie","IRAC 12D","IRAC","Sulfones aromatiques (tétradifon)","Inhibiteur de l'ATP synthase mitochondriale","Tétradifon","Faible","oui"
"Insecticides & acaricides","Cible : respiration mitochondriale et production d'énergie","IRAC 13","IRAC","Pyrroles, dinitrophénols, sulfluramide","Découplage de la phosphorylation oxydative (gradient de protons)","Chlorfénapyr, DNOC, sulfluramide","Modéré","non"
"Insecticides & acaricides","Cible : respiration mitochondriale et production d'énergie","IRAC 20A","IRAC","Hydraméthylnon","Inhibiteur du transport d'électrons, complexe III","Hydraméthylnon","Faible","oui"
"Insecticides & acaricides","Cible : respiration mitochondriale et production d'énergie","IRAC 20B","IRAC","Naphtoquinones (acéquinocyl)","Inhibiteur du transport d'électrons, complexe III, site Qo","Acéquinocyl","Modéré","non"
"Insecticides & acaricides","Cible : respiration mitochondriale et production d'énergie","IRAC 20C","IRAC","Strobilurines acaricides","Inhibiteur du transport d'électrons, complexe III","Fluacrypyrim","Modéré","oui"
"Insecticides & acaricides","Cible : respiration mitochondriale et production d'énergie","IRAC 20D","IRAC","Carbazates (bifénazate)","Inhibiteur du transport d'électrons, complexe III, site Qo","Bifénazate","Modéré à élevé","non"
"Insecticides & acaricides","Cible : respiration mitochondriale et production d'énergie","IRAC 21A","IRAC","METI : quinazolines, pyrazoles, pyridazinones, pyrimidines","Inhibiteur du transport d'électrons, complexe I","Fénazaquin, fenpyroximate, pyridabène, tébufenpyrad, tolfenpyrad, pyrimidifène","Élevé","non"
"Insecticides & acaricides","Cible : respiration mitochondriale et production d'énergie","IRAC 21B","IRAC","Roténoïdes","Inhibiteur du transport d'électrons, complexe I","Roténone","Faible","oui"
"Insecticides & acaricides","Cible : respiration mitochondriale et production d'énergie","IRAC 24A","IRAC","Phosphines","Inhibiteur du transport d'électrons, complexe IV","Phosphure d'aluminium, phosphure de magnésium, phosphine","Modéré à élevé","non"
"Insecticides & acaricides","Cible : respiration mitochondriale et production d'énergie","IRAC 24B","IRAC","Cyanures","Inhibiteur du transport d'électrons, complexe IV","Cyanure de calcium, cyanure de sodium","Faible","oui"
"Insecticides & acaricides","Cible : respiration mitochondriale et production d'énergie","IRAC 25A","IRAC","Bêta-cétonitriles","Inhibiteur du transport d'électrons, complexe II","Cyénopyrafen, cyflumétofen","Modéré","non"
"Insecticides & acaricides","Cible : respiration mitochondriale et production d'énergie","IRAC 25B","IRAC","Carboxanilides acaricides","Inhibiteur du transport d'électrons, complexe II","Pyflubumide","Modéré","oui"
"Insecticides & acaricides","Cible : organes chordotonaux, lipides, intestin moyen et divers","IRAC 9B","IRAC","Pyridine-azométhines","Modulateur des organes chordotonaux, site TRPV","Pymétrozine, pyrifluquinazon","Modéré","non"
"Insecticides & acaricides","Cible : organes chordotonaux, lipides, intestin moyen et divers","IRAC 9D","IRAC","Pyropènes","Modulateur des organes chordotonaux, site TRPV","Afidopyropène","Faible à modéré","oui"
"Insecticides & acaricides","Cible : organes chordotonaux, lipides, intestin moyen et divers","IRAC 29","IRAC","Flonicamide (pyridine-carboxamide)","Modulateur des organes chordotonaux, site non défini","Flonicamide","Modéré","non"
"Insecticides & acaricides","Cible : organes chordotonaux, lipides, intestin moyen et divers","IRAC 23","IRAC","Dérivés d'acides tétroniques et tétramiques","Inhibition de l'acétyl-CoA carboxylase (biosynthèse des lipides)","Spirodiclofène, spiromésifène, spirotétramate, spiropidion","Modéré","non"
"Insecticides & acaricides","Cible : organes chordotonaux, lipides, intestin moyen et divers","IRAC 11A","IRAC","Bacillus thuringiensis et protéines Cry","Perturbation des membranes de l'intestin moyen","Bt subsp. kurstaki, aizawai, tenebrionis, israelensis","Faible à modéré","non"
"Insecticides & acaricides","Cible : organes chordotonaux, lipides, intestin moyen et divers","IRAC 11B","IRAC","Lysinibacillus sphaericus","Perturbation des membranes de l'intestin moyen","Lysinibacillus (Bacillus) sphaericus","Faible","oui"
"Insecticides & acaricides","Cible : organes chordotonaux, lipides, intestin moyen et divers","IRAC 31","IRAC","Baculovirus","Infection virale des cellules de l'intestin moyen","Cydia pomonella granulovirus (CpGV), NPV de Spodoptera et Helicoverpa","Très faible","non"
"Insecticides & acaricides","Cible : organes chordotonaux, lipides, intestin moyen et divers","IRAC 33","IRAC","Acynonapyr","Inhibiteur du transport du chlorure (canal chordotonal)","Acynonapyr","Faible","oui"
"Insecticides & acaricides","Cible : organes chordotonaux, lipides, intestin moyen et divers","IRAC 8A à 8F","IRAC","Fumigants et agents non spécifiques","Action multi-sites : alkylation et dénaturation","Bromure de méthyle, chloropicrine, fluorure de sulfuryle, borax, tartrate d'antimoine","Très faible","non"
"Insecticides & acaricides","Cible : organes chordotonaux, lipides, intestin moyen et divers","IRAC UNE","IRAC","Extraits botaniques à mode d'action inconnu","Non élucidé : répulsion, antiappétence, perturbation de la mue","Azadirachtine (neem), extrait d'ail, extrait de Chenopodium","Très faible","non"
"Insecticides & acaricides","Cible : organes chordotonaux, lipides, intestin moyen et divers","IRAC UNM","IRAC","Champignons entomopathogènes","Pénétration cuticulaire et colonisation de l'hémocèle","Beauveria bassiana, Metarhizium anisopliae, Lecanicillium muscarium, Isaria fumosorosea","Très faible","non"
"Insecticides & acaricides","Cible : organes chordotonaux, lipides, intestin moyen et divers","IRAC UN","IRAC","Huiles minérales et végétales, savons, poudres inertes","Asphyxie physique, dissolution de la cuticule, abrasion","Huile de paraffine, huile de colza, sels potassiques d'acides gras, kaolin, terre de diatomées","Très faible","non"
"Insecticides & acaricides","Cible : organes chordotonaux, lipides, intestin moyen et divers","IRAC UN","IRAC","Divers non classés","Mode d'action non établi","Pyridalyl, dicofol, benzoximate","Faible","oui"
"Herbicides","Inhibiteurs de la biosynthèse des lipides","HRAC 1 (ex A) / WSSA 1","HRAC","FOP : aryloxyphénoxypropionates ; DIM : cyclohexanediones ; DEN : phénylpyrazolines","Inhibition de l'acétyl-CoA carboxylase (ACCase) plastidiale","Fluazifop-P-butyl, quizalofop-P, haloxyfop-P, propaquizafop, clodinafop, fénoxaprop-P ; cléthodime, cycloxydime, séthoxydime, tralkoxydime ; pinoxaden","Très élevé","non"
"Herbicides","Inhibiteurs de la biosynthèse des lipides","HRAC 15 (ex N) / WSSA 8","HRAC","Thiocarbamates, phosphorodithioates","Inhibition de l'élongation des acides gras à très longue chaîne (VLCFA)","Prosulfocarbe, tri-allate, EPTC, molinate, bensulide","Faible à modéré","non"
"Herbicides","Inhibiteurs de la synthèse des acides aminés","HRAC 2 (ex B) / WSSA 2","HRAC","Sulfonylurées, imidazolinones, triazolopyrimidines, pyrimidinyl-thiobenzoates, sulfonylamino-carbonyl-triazolinones","Inhibition de l'acétolactate synthase (ALS / AHAS)","Nicosulfuron, metsulfuron-méthyl, tribénuron, iodosulfuron, rimsulfuron, sulfosulfuron ; imazamox, imazéthapyr, imazapyr ; florasulam, pyroxsulam ; bispyribac ; propoxycarbazone","Très élevé","non"
"Herbicides","Inhibiteurs de la synthèse des acides aminés","HRAC 9 (ex G) / WSSA 9","HRAC","Glycines (phosphonoglycines)","Inhibition de l'EPSP synthase (voie du shikimate)","Glyphosate et ses sels : isopropylamine, potassium, ammonium","Modéré à élevé","non"
"Herbicides","Inhibiteurs de la synthèse des acides aminés","HRAC 10 (ex H) / WSSA 10","HRAC","Acides phosphiniques","Inhibition de la glutamine synthétase (GS)","Glufosinate-ammonium, bialaphos","Faible","non"
"Herbicides","Inhibiteurs de la synthèse des acides aminés","HRAC 18 (ex I) / WSSA 18","HRAC","Carbamates (asulame)","Inhibition de la dihydroptéroate synthase (DHP)","Asulame","Faible","oui"
"Herbicides","Inhibiteurs de la photosynthèse","HRAC 5 (ex C1) / WSSA 5","HRAC","Triazines, triazinones, uraciles, phénylcarbamates, pyridazinones","Inhibition du photosystème II, site A (protéine D1, Ser264)","Atrazine, terbuthylazine, simazine, métribuzine, métamitrone, hexazinone, lénacile, chloridazone, desmédiphame, phenmédiphame","Élevé","non"
"Herbicides","Inhibiteurs de la photosynthèse","HRAC 5 / WSSA 7","HRAC","Urées substituées, amides","Inhibition du photosystème II, site A (variante urées)","Diuron, isoproturon, chlortoluron, linuron, métobromuron, propanil","Modéré à élevé","non"
"Herbicides","Inhibiteurs de la photosynthèse","HRAC 6 (ex C3) / WSSA 6","HRAC","Nitriles, benzothiadiazinones, phénylpyridazines","Inhibition du photosystème II, site B (protéine D1, His215)","Bromoxynil, ioxynil, bentazone, pyridate","Faible à modéré","non"
"Herbicides","Inhibiteurs de la photosynthèse","HRAC 22 (ex D) / WSSA 22","HRAC","Bipyridyliums","Détournement des électrons du photosystème I (radicaux libres)","Paraquat, diquat","Modéré","non"
"Herbicides","Inhibiteurs de la synthèse des pigments","HRAC 12 (ex F1) / WSSA 12","HRAC","Pyridinecarboxamides, pyridazinones, nicotinanilides","Inhibition de la phytoène désaturase (PDS)","Diflufénican, flurtamone, norflurazon, béflubutamide, picolinafen","Faible à modéré","non"
"Herbicides","Inhibiteurs de la synthèse des pigments","HRAC 27 (ex F2) / WSSA 27","HRAC","Tricétones, isoxazoles, pyrazoles","Inhibition de la 4-HPPD (hydroxyphényl-pyruvate dioxygénase)","Mésotrione, sulcotrione, tembotrione, bicyclopyrone ; isoxaflutole ; topramezone, pyrasulfotole","Modéré","non"
"Herbicides","Inhibiteurs de la synthèse des pigments","HRAC 13 (ex F4) / WSSA 13","HRAC","Isoxazolidinones","Inhibition de la DOXP synthase (isoprénoïdes plastidiaux)","Clomazone","Faible","non"
"Herbicides","Inhibiteurs de la synthèse des pigments","HRAC 34 (ex F3) / WSSA 11","HRAC","Triazoles, diphényl éthers et divers (site indéterminé)","Inhibition de la lycopène cyclase, blanchiment","Amitrole, aclonifen, flurochloridone","Faible","oui"
"Herbicides","Inhibiteurs de la synthèse de la chlorophylle","HRAC 14 (ex E) / WSSA 14","HRAC","Diphényl éthers, N-phénylphtalimides, triazolinones, pyrimidinediones, oxadiazoles","Inhibition de la protoporphyrinogène oxydase (PPO)","Oxyfluorfène, bifénox, flumioxazine, carfentrazone-éthyl, sulfentrazone, saflufénacil, oxadiazon, oxadiargyl, tiafénacil","Faible à modéré","non"
"Herbicides","Inhibiteurs de la division cellulaire et de la paroi","HRAC 3 (ex K1) / WSSA 3","HRAC","Dinitroanilines, benzamides, phosphoroamidates, pyridines","Inhibition de l'assemblage des microtubules (tubuline)","Pendiméthaline, trifluraline, oryzaline ; propyzamide ; dithiopyr","Modéré","non"
"Herbicides","Inhibiteurs de la division cellulaire et de la paroi","HRAC 23 (ex K2) / WSSA 23","HRAC","Carbamates","Inhibition de l'organisation des microtubules en mitose","Chlorprophame, prophame, carbétamide","Faible à modéré","oui"
"Herbicides","Inhibiteurs de la division cellulaire et de la paroi","HRAC 15 (ex K3) / WSSA 15","HRAC","Chloroacétamides, oxyacétamides, isoxazolines, tétrazolinones","Inhibition de l'élongation des acides gras à très longue chaîne (VLCFA)","S-métolachlore, métazachlore, diméthénamide-P, acétochlore, péthoxamide ; flufénacet ; pyroxasulfone","Faible à modéré","non"
"Herbicides","Inhibiteurs de la division cellulaire et de la paroi","HRAC 29 (ex L) / WSSA 29","HRAC","Nitriles, benzamides, triazolocarboxamides, alkylazines","Inhibition de la synthèse de la cellulose","Dichlobénil, isoxaben, flupoxam, indaziflam","Faible","non"
"Herbicides","Régulateurs de croissance et divers","HRAC 4 (ex O) / WSSA 4","HRAC","Acides phénoxy-carboxyliques, benzoïques, pyridine-carboxyliques, quinoléine-carboxyliques, arylpicolinates","Auxines de synthèse (mimétiques de l'AIA)","2,4-D, MCPA, mécoprop-P, dichlorprop-P ; dicamba ; clopyralid, picloram, fluroxypyr, aminopyralide, triclopyr ; quinclorac ; halauxifen, florpyrauxifen","Modéré","non"
"Herbicides","Régulateurs de croissance et divers","HRAC 19 (ex P) / WSSA 19","HRAC","Phtalamates, semicarbazones","Inhibition du transport polarisé de l'auxine","Naptalame, diflufenzopyr","Faible","oui"
"Herbicides","Régulateurs de croissance et divers","HRAC 24 (ex M) / WSSA 24","HRAC","Dinitrophénols","Découplage de la phosphorylation oxydative","DNOC, dinosèbe, dinoterbe","Très faible","non"
"Herbicides","Régulateurs de croissance et divers","HRAC 30 / WSSA 30","HRAC","Benzyl éthers (cinméthyline)","Inhibition de la thioestérase des acides gras (FAT)","Cinméthyline","Faible","oui"
"Herbicides","Régulateurs de croissance et divers","HRAC 32 / WSSA 26","HRAC","Organoarséniés, acides organiques et divers","Modes d'action multiples ou non élucidés","MSMA, acide pélargonique, acide acétique, acide caprylique","Très faible","non"
"Herbicides","Régulateurs de croissance et divers","HRAC 0 (ex Z)","HRAC","Herbicides à mode d'action inconnu","Non élucidé","Flamprop-M, difenzoquat, fosamine, bromobutide","Faible","oui"
"Herbicides","Régulateurs de croissance et divers","Biocontrôle","Biocontrôle","Acides gras et extraits végétaux","Destruction de la cuticule et des membranes (contact, non sélectif)","Acide pélargonique, huile essentielle de girofle, acide acétique concentré","Très faible","non"
"Nématicides","Nématicides de synthèse","IRAC 1A","IRAC","Carbamates et oximes carbamates","Inhibition de l'acétylcholinestérase : paralysie du nématode","Oxamyl, aldicarbe, carbofuran, benfuracarbe","Modéré à élevé","non"
"Nématicides","Nématicides de synthèse","IRAC 1B","IRAC","Organophosphorés","Inhibition de l'acétylcholinestérase : paralysie du nématode","Fénamiphos, cadusafos, éthoprophos, fosthiazate, terbufos","Modéré à élevé","non"
"Nématicides","Nématicides de synthèse","IRAC 6","IRAC","Avermectines","Activation du canal chlorure glutamate-dépendant (GluCl)","Abamectine","Modéré","non"
"Nématicides","Nématicides de synthèse","FRAC 7 / IRAC 25","FRAC","Pyridinyl-éthyl-benzamides (SDHI)","Inhibition de la succinate déshydrogénase (complexe II)","Fluopyram","Modéré","non"
"Nématicides","Nématicides de synthèse","IRAC 23","IRAC","Dérivés d'acides tétramiques","Inhibition de l'acétyl-CoA carboxylase (effet sur la reproduction)","Spirotétramate","Faible à modéré","oui"
"Nématicides","Nématicides de synthèse","IRAC UN","IRAC","Fluoroalcényl thioéthers","Mode d'action multiple non élucidé, paralysie irréversible","Fluensulfone","Faible","oui"
"Nématicides","Nématicides de synthèse","IRAC UN","IRAC","Thiadiazoles et oxadiazoles","Inhibition présumée de la synthèse protéique mitochondriale","Tioxazafen","Faible","oui"
"Nématicides","Fumigants et générateurs d'isothiocyanate","Fumigants","Fumigants","Halogéno-alcanes et dérivés","Multi-sites : alkylation des protéines et des acides nucléiques","1,3-dichloropropène, bromure de méthyle, chloropicrine","Très faible","non"
"Nématicides","Fumigants et générateurs d'isothiocyanate","Fumigants","Fumigants","Dithiocarbamates générateurs de MITC","Libération d'isothiocyanate de méthyle : blocage enzymatique multi-sites","Métam-sodium, métam-potassium, dazomet","Très faible","non"
"Nématicides","Nématicides de biocontrôle et leviers alternatifs","Biocontrôle","Biocontrôle","Champignons nématophages et parasites d'oeufs","Parasitisme des oeufs et des juvéniles, dégradation de la coque","Purpureocillium lilacinum, Pochonia chlamydosporia, Trichoderma spp.","Très faible","non"
"Nématicides","Nématicides de biocontrôle et leviers alternatifs","Biocontrôle","Biocontrôle","Bactéries rhizosphériques et parasites obligatoires","Colonisation racinaire, perturbation de la reconnaissance de l'hôte","Bacillus firmus, Bacillus amyloliquefaciens, Pasteuria penetrans","Très faible","non"
"Nématicides","Nématicides de biocontrôle et leviers alternatifs","Biocontrôle","Biocontrôle","Extraits botaniques et terpènes","Effet nématotoxique et répulsif de contact","Extrait de Quillaja saponaria, huile essentielle de Melaleuca, azadirachtine, furfural","Très faible","non"
"Nématicides","Nématicides de biocontrôle et leviers alternatifs","Agronomique","Biocontrôle","Biofumigation (glucosinolates)","Libération d'isothiocyanates par hydrolyse enzymatique des Brassicacées","Moutarde brune, radis fourrager, roquette en engrais vert","Très faible","non"